name,channel_id,ヒット数,既存と同名,URL
あかさかの箱,UCJy7zfLsKBXoo2soFMum7JQ,2,,https://www.youtube.com/channel/UCJy7zfLsKBXoo2soFMum7JQ
B2のゆっくりゲーム実況,UC4iTR4aMWfEpxQ6Tjt7OvUA,2,,https://www.youtube.com/channel/UC4iTR4aMWfEpxQ6Tjt7OvUA
うが / マイクラ建築,UCPqrIvS6LYOXa348ZucLDAg,1,,https://www.youtube.com/channel/UCPqrIvS6LYOXa348ZucLDAg
みんくらクリップ,UCNs6xlQ_QoCuZdy0kMoHMNg,1,,https://www.youtube.com/channel/UCNs6xlQ_QoCuZdy0kMoHMNg
ぽんちゃん,UCalvPfn3czl0dHu2y5ZVLLA,1,,https://www.youtube.com/channel/UCalvPfn3czl0dHu2y5ZVLLA
かえで,UCNs6BlO0IyjD8rfvJ0kIfvQ,1,,https://www.youtube.com/channel/UCNs6BlO0IyjD8rfvJ0kIfvQ
鉄拳攻略ノア,UC1FsoaVp-SGl20XSw5OE5xA,1,,https://www.youtube.com/channel/UC1FsoaVp-SGl20XSw5OE5xA
天夜ユウキ / Amaya Yuuki,UCwLW7M1Mc68cRpb0NyNA9MA,1,,https://www.youtube.com/channel/UCwLW7M1Mc68cRpb0NyNA9MA
ちーいずファミリー ゆるっと日常とゲーム,UCtDEtLcPnZzY3OInMuXYOEQ,1,,https://www.youtube.com/channel/UCtDEtLcPnZzY3OInMuXYOEQ
実況したいよまちょすさん!,UCD6HU7lTbEChn8sUF6BRc3Q,1,,https://www.youtube.com/channel/UCD6HU7lTbEChn8sUF6BRc3Q
らいぎょのデジファーム,UCTvwkX07QmVgrLkVkKpE5KA,1,,https://www.youtube.com/channel/UCTvwkX07QmVgrLkVkKpE5KA
ミムトのRPG実況部屋,UCnhw9Z1L7jLwrp54h5DU3EA,1,,https://www.youtube.com/channel/UCnhw9Z1L7jLwrp54h5DU3EA
依yori【人生立て直し系VTuber】,UCazSWPGU-2ADhRGM0o7UoQA,1,,https://www.youtube.com/channel/UCazSWPGU-2ADhRGM0o7UoQA
雛守つづり,UCehioXDAKcE4ku-qrjxbakQ,1,,https://www.youtube.com/channel/UCehioXDAKcE4ku-qrjxbakQ
まるたにあやの,UCwVGDN2IaIt-41GpZ6XkWyw,1,,https://www.youtube.com/channel/UCwVGDN2IaIt-41GpZ6XkWyw
JUICE MUSE,UCFe6WL92GXI0w-CTwArPBmg,1,,https://www.youtube.com/channel/UCFe6WL92GXI0w-CTwArPBmg
ぐっさんGame Ch.,UCAzaz8eohDgqT--DdSDf-0w,1,,https://www.youtube.com/channel/UCAzaz8eohDgqT--DdSDf-0w
camikami,UCO3ITI9z2BYFArT4foAAJuQ,1,,https://www.youtube.com/channel/UCO3ITI9z2BYFArT4foAAJuQ
海汐しゃち / Mishio Shachi,UC7hqga1_zUSnpUQVpcz-LXQ,1,,https://www.youtube.com/channel/UC7hqga1_zUSnpUQVpcz-LXQ
将棋実況チャンネル【クロノ】,UCRkdTwD5nX7NC_gec_ueWOg,1,,https://www.youtube.com/channel/UCRkdTwD5nX7NC_gec_ueWOg
猫目継,UCqCXRFNFDAD9I5rgOWNxz6Q,1,,https://www.youtube.com/channel/UCqCXRFNFDAD9I5rgOWNxz6Q
ホロライブの部屋【切り抜きch】,UCETS3ep2U_eI9f7A8MHg-kA,1,,https://www.youtube.com/channel/UCETS3ep2U_eI9f7A8MHg-kA
ホロライブ切り抜き◆ホロホロ探検隊,UC0dlDfWk8mTQ7-hYh4hJDOg,1,,https://www.youtube.com/channel/UC0dlDfWk8mTQ7-hYh4hJDOg
開拓者-ホロメガネ 【Hololive_clip】,UC3BlyYnvEVLLsQBVbezhLzg,1,,https://www.youtube.com/channel/UC3BlyYnvEVLLsQBVbezhLzg
【ホロライブ切り抜き】ホロにこクリップ,UCeS1mevEBblI-RPx8YxXivw,1,,https://www.youtube.com/channel/UCeS1mevEBblI-RPx8YxXivw
Yuiha Ch.花束ゆいは,UCRGoi4YW5afhZukGo3P8H_Q,1,,https://www.youtube.com/channel/UCRGoi4YW5afhZukGo3P8H_Q
NeeTowa,UCqVB58Us3M2VeuatkPMToHw,1,,https://www.youtube.com/channel/UCqVB58Us3M2VeuatkPMToHw
心寄せいな / Seina Koyori,UCwi2a2NOXWr6M5Sk_5L1tyA,1,,https://www.youtube.com/channel/UCwi2a2NOXWr6M5Sk_5L1tyA
テトとホロドリ【解説・攻略】,UCGoQnP-Lt7EVlrozX5zhfgg,1,,https://www.youtube.com/channel/UCGoQnP-Lt7EVlrozX5zhfgg
Dr.ぶる･V･ガトリング博士‐Bul's Wonder Labo,UCBi79X31SJm_iJpxTZXYBsw,1,,https://www.youtube.com/channel/UCBi79X31SJm_iJpxTZXYBsw
ふわ推しタイム【VTuber切り抜き】,UCrDZsztmF2tXeAOiWYBu0fw,1,,https://www.youtube.com/channel/UCrDZsztmF2tXeAOiWYBu0fw
寝るぞみかん | 手書き切り抜き,UCbHKnvxVkzSGjyRmrsVomVQ,1,,https://www.youtube.com/channel/UCbHKnvxVkzSGjyRmrsVomVQ
ゆっくりクウカイと言う名の生命体,UCwtIeMyWUgTT6toKnaHXzDg,1,,https://www.youtube.com/channel/UCwtIeMyWUgTT6toKnaHXzDg
